{
  "totalEtfs": 5244,
  "processed": 5244,
  "succeeded": 5016,
  "failed": 228,
  "lastProcessedTicker": "ZZZ",
  "failedTickers": [
    "AAAC",
    "ALBG",
    "AOTS",
    "APLZ",
    "ARKD",
    "AUSM",
    "AVRY",
    "BCFN",
    "BCPL",
    "BFAP",
    "BFJL",
    "BITK",
    "BKFI",
    "BKMI",
    "BKMS",
    "BMOP",
    "BPRE",
    "BSKT",
    "CABZ",
    "CBXA",
    "CCEI",
    "CCOM",
    "CCRP",
    "CFND",
    "CGBLF",
    "CLNK",
    "COIA",
    "CQHI",
    "CRHI",
    "CRMX",
    "CRXP",
    "CSIO",
    "CSSD",
    "CTAP",
    "CTWO",
    "DANA",
    "DDFF",
    "DDFJ",
    "DDNQ",
    "DDSQ",
    "DDTF",
    "DDTJ",
    "DFII",
    "DLAG",
    "DOJE",
    "EFMSF",
    "ENHI",
    "EOSU",
    "ESIM",
    "ETFT",
    "FDRX",
    "FEMD",
    "FFF",
    "FRWD",
    "FSOL",
    "FSSL",
    "FTPA",
    "GARA",
    "GDOG",
    "GDT",
    "GGTL",
    "GLNK",
    "GLXU",
    "GOLS",
    "GQGU",
    "GSWO",
    "GTOP",
    "GTOS",
    "GXRP",
    "HELS",
    "HERZ",
    "HMLSF",
    "HNUZF",
    "HUTG",
    "HYTI",
    "IALT",
    "IGME",
    "IHRMF",
    "IHSFF",
    "IHSXF",
    "IQSZ",
    "IREZ",
    "ISRPF",
    "ISSB",
    "IUNSF",
    "IXDVF",
    "JABS",
    "JANI",
    "JHLN",
    "JMMF",
    "KAMO",
    "KDVD",
    "KIQQ",
    "KNRG",
    "LCIZ",
    "LCO",
    "LITX",
    "LMUB",
    "LTAX",
    "LTTI",
    "LUNL",
    "LVLN",
    "MAGO",
    "MBBA",
    "MEMY",
    "MMMA",
    "MSTK",
    "MUNA",
    "MUNB",
    "MUNC",
    "MUND",
    "NBIZ",
    "NFRX",
    "NTETF",
    "NVDB",
    "NXG",
    "NYM",
    "ONDG",
    "ONDU",
    "ONEH",
    "ORLG",
    "PATX",
    "PAYH",
    "PAYM",
    "PCHI",
    "PHYS",
    "PIEL",
    "PLTA",
    "PLU",
    "PLUL",
    "PMDE",
    "PMNV",
    "PMOC",
    "PMSE",
    "PRIV",
    "PTA",
    "QFHD",
    "QFRD",
    "QQDN",
    "QQUP",
    "QSOL",
    "QTPI",
    "RAAA",
    "RCAX",
    "REFA",
    "REMC",
    "RESM",
    "RFMZ",
    "RGQT",
    "RKNG",
    "RKTL",
    "RLTY",
    "RQT",
    "RSJN",
    "RSMR",
    "RWEM",
    "RWLC",
    "RYHI",
    "SBIL",
    "SCMC",
    "SCNM",
    "SECU",
    "SETFF",
    "SGRW",
    "SGVT",
    "SHHI",
    "SKK",
    "SLON",
    "SNPX",
    "SNXX",
    "SOEZ",
    "SPLS",
    "STBQ",
    "STEN",
    "TABD",
    "TACN",
    "TACU",
    "TALV",
    "TDHI",
    "TDOG",
    "TEMD",
    "TEXX",
    "TIPA",
    "TIPB",
    "TIPC",
    "TKNQ",
    "TLA",
    "TLDR",
    "TNXT",
    "TOS",
    "TOXR",
    "TSIC",
    "TSRS",
    "USAX",
    "USFE",
    "USGG",
    "UUUG",
    "UXRP",
    "VAVX",
    "VDI",
    "VEM",
    "VGRO",
    "VGVT",
    "VMSB",
    "VNGDF",
    "VUS",
    "WCPB",
    "WTLS",
    "WTMU",
    "WTMY",
    "XDV",
    "XKFS",
    "XKII",
    "XKST",
    "XOEX",
    "XPEG",
    "XRPR",
    "XRPZ",
    "XXX",
    "ZCBA",
    "ZCBB",
    "ZCBC",
    "ZCBE",
    "ZCBF",
    "ZCBG",
    "ZDB",
    "ZFS",
    "ZKBGF"
  ],
  "startedAt": "2026-02-08T04:48:06.278Z",
  "lastUpdatedAt": "2026-02-08T17:36:06.035Z",
  "completedDays": 1,
  "estimatedDaysRemaining": 0
}